Index_number,Object_ID,area,convex_area,eccentricity,mean_intensity,max_intensity,intensity_variance,major_axis_length,minor_axis_length,solidity,convection_area,intense_area,Label,Area_stan,convex_area_stan,eccentricity_stan,mean_intensity_stan,max_intensity_stan,intensity_variance_stan,major_axis_length_stan,minor_axis_length_stan,solidity_stan,convection_area_stan,intense_area_stan,Major_Minor_Ratio
0,mrms20200603r30,466,675,0.97888152,32.11051502,50,61.98832291,58.99455538,12.06016233,0.69037037,466,107,Cluster of Cells,-0.345696026,-0.343893085,1.14757674,-0.510903189,-1.471310116,-0.848285221,-0.228801715,-0.595807963,-0.098482665,-0.345696026,-0.42428492,4.891688335
1,mrms20200603r34,405,572,0.961438065,34.64691358,50.5,62.22965097,45.8484869,12.60932144,0.708041958,405,112,Cluster of Cells,-0.354018918,-0.351630683,1.018744257,0.415739924,-1.348620435,-0.837847495,-0.386088135,-0.58244187,0.054465222,-0.354018918,-0.418892242,3.636078841
3,mrms20200603r49,220,267,0.896059998,37.41590909,52,71.00315599,26.01041376,11.5468802,0.823970037,220,95,Supercell,-0.379260478,-0.374542988,0.535880134,1.427359573,-0.98055139,-0.458382936,-0.62344119,-0.608300839,1.057824684,-0.379260478,-0.437227349,2.25259233
5,mrms20200603r75,92,110,0.711248807,32.9076087,55.5,78.88548559,13.2810335,9.335774326,0.836363636,92,22,Isolated Cell,-0.396725145,-0.386337191,-0.829083639,-0.219694475,-0.121723621,-0.117462778,-0.775742135,-0.662117386,1.16509149,-0.396724908,-0.515960458,1.422595816
12,mrms20200603r148,132,203,0.923317562,32.34090909,50,80.51635675,24.52983779,9.42037367,0.650246305,132,36,Isolated Cell,-0.391267509,-0.379350816,0.737196885,-0.42673145,-1.471310116,-0.046925655,-0.641155573,-0.660058306,-0.445757117,-0.391267274,-0.500860958,2.603913459
13,mrms20200603r160,1468,2454,0.846980292,31.59162125,54,83.06875132,71.22360345,37.86419751,0.598207009,1468,361,Cluster of Cells,-0.208982451,-0.210250492,0.173391156,-0.700474869,-0.489792665,0.063468455,-0.082487005,0.032241594,-0.896158096,-0.20898228,-0.150336842,1.881027676
14,mrms20200603r163,353,507,0.702766009,31.00566572,53,65.171356,28.74632186,20.450739,0.696252465,353,61,Isolated Cell,-0.361114067,-0.356513633,-0.891735209,-0.914546769,-0.735172028,-0.710615243,-0.590707358,-0.391588045,-0.047573033,-0.361113843,-0.473897564,1.405637315
15,mrms20200603r164,69,78,0.821951637,38.7826087,51,82.06143667,12.59317131,7.17253252,0.884615385,69,37,Isolated Cell,-0.399863286,-0.388741105,-0.011463494,1.926667055,-1.225930753,0.019900895,-0.783972077,-0.71476896,1.582711177,-0.399863048,-0.499782422,1.755749628
16,mrms20200603r165,460,611,0.959124935,35.57826087,51.5,84.81452741,48.6046831,13.75429743,0.752864157,460,189,Cluster of Cells,-0.34651489,-0.348700913,1.001660124,0.755996604,-1.103241072,0.138975353,-0.353111566,-0.554574071,0.442402103,-0.346514671,-0.33584499,3.533781595
17,mrms20200603r177,525,607,0.809916777,29.31047619,50,56.31693787,34.36681494,20.15767693,0.86490939,525,60,Isolated Cell,-0.337646231,-0.349001402,-0.100349603,-1.533864147,-1.471310116,-1.093579389,-0.523460847,-0.398720941,1.412155468,-0.337646015,-0.4749761,1.70489958
20,mrms20200603r234,757,1230,0.804845587,31.89564069,55,73.35238522,47.94596251,28.45517464,0.615447154,757,164,Cluster of Cells,-0.305991939,-0.302200202,-0.137803994,-0.589404977,-0.244413302,-0.35677597,-0.360992843,-0.196766489,-0.746944349,-0.305991734,-0.362808383,1.684964619
24,mrms20200603r245,443,707,0.619974093,34.15688488,54,72.06060158,32.69142211,25.65041818,0.626591231,443,126,Cluster of Cells,-0.348834385,-0.341489171,-1.503213149,0.236713752,-0.489792665,-0.412647153,-0.543506121,-0.265032016,-0.650492184,-0.348834165,-0.403792741,1.274498602
26,mrms20200603r249,259,359,0.819873906,29.98069498,51.5,55.3799362,28.03605821,16.05188051,0.721448468,259,34,Cluster of Cells,-0.373939513,-0.367631735,-0.026809037,-1.289007666,-1.103241072,-1.134105829,-0.599205323,-0.498652739,0.170498789,-0.373939284,-0.503018029,1.746590264
27,mrms20200603r257,140,175,0.86683868,35.73571429,61.5,139.2230102,20.15139515,10.04725813,0.8,140,51,Isolated Cell,-0.390175981,-0.381454241,0.320059654,0.813520341,1.350552556,2.492207138,-0.693541544,-0.64480044,0.85036361,-0.390175747,-0.484682922,2.005661135
28,mrms20200603r273,104,127,0.567868249,30.74519231,51.5,73.97113073,13.44026808,11.06294625,0.818897638,104,18,Isolated Cell,-0.395087854,-0.385060112,-1.888052344,-1.00970764,-1.103241072,-0.330014488,-0.773836969,-0.620079404,1.013922981,-0.395087618,-0.520274601,1.214890479
30,mrms20200603r309,3281,5585,0.901426241,35.33861628,66,115.3705569,116.2740733,50.33884977,0.587466428,3281,1048,Cluster of Cells,0.038384922,0.024957466,0.575513706,0.668445295,2.454759688,1.460560081,0.456520315,0.335864643,-0.989118004,0.038385005,0.590617212,2.309827774
31,mrms20200603r318,4331,8290,0.771319226,32.4731009,61.5,89.92429376,112.4232643,71.55161424,0.522436671,4331,1100,Cluster of Cells,0.181647879,0.228163319,-0.38542032,-0.378436741,1.350552556,0.359978843,0.410447228,0.852166347,-1.551951639,0.181647911,0.64670107,1.57121912
32,mrms20200603r328,1159,1672,0.712015544,32.73986195,59,88.48992095,52.82136309,37.08924389,0.693181818,1159,263,Supercell,-0.251142693,-0.26899614,-0.823420736,-0.280978757,0.737104149,0.297940508,-0.302661007,0.013379844,-0.074149537,-0.251142507,-0.256033345,1.424169316
33,mrms20200603r335,1683,3089,0.902547675,33.66013072,67.5,123.1111674,93.03190797,40.05860352,0.544836517,1683,454,Cluster of Cells,-0.179647655,-0.162547824,0.583796302,0.055230516,2.822828732,1.795350718,0.178438926,0.08565168,-1.358080598,-0.179647495,-0.050033018,2.322395186
34,mrms20200603r373,2200,2911,0.825099438,32.57590909,54.5,68.3476469,74.62602236,42.16277262,0.755754036,2200,447,Cluster of Cells,-0.109107704,-0.175919596,0.011785283,-0.340876989,-0.367102984,-0.573236872,-0.04177869,0.136865471,0.467414057,-0.109107569,-0.057582768,1.769950545
35,mrms20200603r375,17312,39815,0.909665054,31.48734982,64,86.37579307,336.0659857,139.5825257,0.434811001,17312,3649,Cluster of Cells,1.952787351,2.596394196,0.636363278,-0.738569202,1.964000962,0.206501955,3.086225398,2.507984268,-2.310353274,1.952786759,3.395888674,2.407650842
36,mrms20200603r376,1347,1931,0.895491519,27.57386785,50.5,24.68032676,70.15480814,31.22440221,0.697566028,1347,34,Cluster of Cells,-0.225491801,-0.249539461,0.531681507,-2.168313394,-1.348620435,-2.461900559,-0.095274629,-0.129365707,-0.036204128,-0.225491625,-0.503018029,2.246794275
37,mrms20200603r380,31314,58213,0.319973635,29.98077537,60,68.13017905,257.8312652,244.2761595,0.537921083,31314,5140,Linear,3.863232995,3.978494487,-3.718932639,-1.288978296,0.982483511,-0.582642616,2.150184395,5.056143495,-1.417933793,3.863231727,5.003985464,1.055490907
46,mrms20200604r704,1362,2244,0.882776037,30.90198238,53.5,53.73653792,75.75276973,35.58820209,0.606951872,1362,201,Cluster of Cells,-0.223445188,-0.226026178,0.437768512,-0.952426248,-0.612482346,-1.205184765,-0.028297697,-0.023154312,-0.820471164,-0.223445012,-0.322902561,2.12859221
48,mrms20200604r708,7480,13991,0.926883905,30.20795455,56.5,61.54522416,219.1591815,82.26099112,0.534629405,7480,1103,Cluster of Cells,0.611300309,0.656435618,0.763536896,-1.205981081,0.123655742,-0.86744977,1.687491414,1.112824007,-1.446423323,0.61130019,0.649936678,2.664193301
49,mrms20200604r712,243,326,0.754283101,32.61316872,55,83.59315992,23.95151276,15.72534931,0.745398773,243,63,Cluster of Cells,-0.376122568,-0.370110772,-0.511244378,-0.327264624,-0.244413302,0.086149752,-0.648074955,-0.506600247,0.377789079,-0.376122338,-0.471740493,1.523114832
58,mrms20200604r756,154,184,0.838485101,33.84415584,54.5,84.78415416,19.64716282,10.70622082,0.836956522,154,45,Isolated Cell,-0.388265809,-0.38077814,0.110648049,0.122461912,-0.367102984,0.137661674,-0.699574443,-0.628761816,1.170222923,-0.388265575,-0.491154136,1.835116533
59,mrms20200604r766,312,407,0.928372717,36.04807692,55.5,91.05377835,34.82139423,12.94138879,0.766584767,312,108,Supercell,-0.366708145,-0.364025864,0.774532842,0.927638323,-0.121723621,0.408830399,-0.518022023,-0.574359617,0.561154207,-0.366707919,-0.423206385,2.690699955
60,mrms20200604r767,1533,2567,0.868531805,35.4334638,55,93.53536419,79.20504159,39.25666694,0.597195169,1533,563,Cluster of Cells,-0.200113792,-0.201761671,0.332564603,0.703096711,-0.244413302,0.516161947,0.013007084,0.066133185,-0.904915584,-0.200113624,0.067527378,2.017620133
61,mrms20200604r770,2027,2733,0.871514517,35.78613715,62,91.4257723,79.53558402,39.00184085,0.741675814,2027,722,Cluster of Cells,-0.132711981,-0.189291367,0.354594075,0.831941735,1.473242237,0.424919581,0.016961866,0.059930922,0.345566808,-0.132711838,0.23901456,2.039277693
62,mrms20200604r771,334,430,0.779478793,34.96556886,52.5,69.36333545,27.69562786,17.34933383,0.776744186,334,91,Isolated Cell,-0.363706445,-0.362298051,-0.325156041,0.53215685,-0.857861709,-0.529307131,-0.603278409,-0.467073763,0.649084152,-0.36370622,-0.441541492,1.596351083
63,mrms20200604r773,154,202,0.687032871,34.5,55.5,115.3344156,17.67242598,12.84125017,0.762376238,154,51,Isolated Cell,-0.388265809,-0.379425938,-1.007935773,0.362066791,-0.121723621,1.458996924,-0.723201224,-0.57679691,0.524729319,-0.388265575,-0.484682922,1.376223167
64,mrms20200604r781,567,773,0.969733669,33.78835979,52.5,81.83175163,57.81416054,14.11620209,0.733505821,567,157,Cluster of Cells,-0.331915712,-0.336531098,1.080013268,0.102077485,-0.857861709,0.009966743,-0.242924574,-0.545765601,0.274855385,-0.331915498,-0.370358133,4.095588895
65,mrms20200604r785,313,414,0.700917381,31.07827476,56,72.36687626,26.00501292,18.54787972,0.756038647,313,48,Isolated Cell,-0.366571704,-0.363500008,-0.905388663,-0.888019918,0.00096606,-0.399400408,-0.623505808,-0.437902116,0.469877369,-0.366571478,-0.487918529,1.402047744
66,mrms20200604r789,758,939,0.764715174,40.97823219,63.5,120.4582992,40.23154531,25.92393858,0.807241747,758,420,Cluster of Cells,-0.305855498,-0.324060795,-0.434196001,2.728812042,1.841311281,1.680611005,-0.453292154,-0.258374749,0.913041047,-0.305855293,-0.086703233,1.551907137
67,mrms20200604r793,105,129,0.772447429,33.73809524,52.5,84.66235828,15.16373641,9.63016617,0.813953488,105,31,Isolated Cell,-0.394951413,-0.384909867,-0.377087729,0.083713928,-0.857861709,0.132393857,-0.753216495,-0.654952124,0.971131285,-0.394951177,-0.506253637,1.57460797
68,mrms20200604r794,432,929,0.942834783,37.30902778,54,79.50230276,58.6765145,19.55456551,0.465016146,432,193,Cluster of Cells,-0.350335235,-0.324812018,0.881345619,1.388311754,-0.489792665,-0.0907847,-0.232606922,-0.41340019,-2.048927235,-0.350335015,-0.331530847,3.000655497
69,mrms20200604r796,6968,10995,0.640877411,34.73277842,63,87.88539515,127.0391975,97.52078124,0.63374261,6968,1894,Cluster of Cells,0.541442562,0.431369172,-1.348827093,0.447109623,1.7186216,0.271794046,0.585319876,1.484235081,-0.588596874,0.541442468,1.503058449,1.302688472
71,mrms20200604r801,244,370,0.960475932,37.9057377,55,67.6386556,38.24337904,10.64554334,0.659459459,244,113,Cluster of Cells,-0.375986127,-0.36680539,1.011638214,1.606312645,-0.244413302,-0.603901592,-0.477079612,-0.630238657,-0.366017115,-0.375985897,-0.417813706,3.59243092
72,mrms20200604r805,258,362,0.795882802,32.52131783,51.5,65.64586338,27.32763359,16.54553523,0.712707182,258,60,Cluster of Cells,-0.374075954,-0.367406368,-0.204000619,-0.360821258,-1.103241072,-0.690092232,-0.607681284,-0.486637578,0.094842816,-0.374075725,-0.4749761,1.651662108
73,mrms20200604r811,561,726,0.876406708,34.03654189,58,105.4126576,41.68681494,20.07518947,0.772727273,561,173,Cluster of Cells,-0.332734358,-0.340061847,0.390726433,0.19274787,0.491724786,1.029869054,-0.435880549,-0.40072862,0.6143177,-0.332734144,-0.353101561,2.076534073
75,mrms20200604r824,30,34,0.633268966,35.65,50,79.21916667,7.114876196,5.506428873,0.882352941,30,10,Isolated Cell,-0.405184482,-0.392046487,-1.405020934,0.782205644,-1.471310116,-0.103030674,-0.849517257,-0.755320589,1.563129691,-0.405184242,-0.528902887,1.292103532
76,mrms20200604r826,114,168,0.94057224,28.80701754,50.5,56.59433672,24.02147034,8.157539317,0.678571429,114,14,Isolated Cell,-0.393723445,-0.381980097,0.864635106,-1.717796789,-1.348620435,-1.081581558,-0.647237946,-0.690794683,-0.200602703,-0.393723209,-0.524588744,2.944695625
77,mrms20200604r829,136,152,0.806085426,39.99264706,58,118.8639165,17.32599131,10.25350768,0.894736842,136,68,Isolated Cell,-0.390721745,-0.383182054,-0.128646888,2.368740211,0.491724786,1.61165205,-0.72734615,-0.639780491,1.67031256,-0.39072151,-0.466347814,1.689762357
78,mrms20200604r836,1275,1777,0.381662944,31.60823529,52.5,66.08946159,47.20575895,43.63235722,0.717501407,1275,245,Cluster of Cells,-0.235315547,-0.261108297,-3.263312653,-0.694405127,-0.857861709,-0.670906081,-0.369849024,0.172633984,0.136336909,-0.235315367,-0.275446988,1.081897975
79,mrms20200604r838,235,311,0.817215286,34.23191489,61,120.3153644,24.4805345,14.10892821,0.75562701,235,68,Isolated Cell,-0.377214095,-0.371237606,-0.046444861,0.264125079,1.227862874,1.674428903,-0.641745463,-0.545942642,0.466314638,-0.377213865,-0.466347814,1.735109438
80,mrms20200604r857,537,726,0.776095755,34.33612663,55,108.7785459,35.28234756,22.24958045,0.739669421,537,205,Isolated Cell,-0.33600894,-0.340061847,-0.350142218,0.3021976,-0.244413302,1.175447739,-0.512506937,-0.347805684,0.328201446,-0.336008724,-0.318588418,1.585753388
81,mrms20200604r858,153,186,0.957611131,40.04248366,54.5,87.71224743,26.83761919,7.73095442,0.822580645,153,93,Isolated Cell,-0.38840225,-0.380627895,0.990479594,2.386947422,-0.367102984,0.264305201,-0.613544072,-0.701177418,1.045799471,-0.388402016,-0.439384421,3.471449673
82,mrms20200604r859,112,143,0.682442505,34.02232143,52,85.92584104,15.53665975,11.35635485,0.783216783,112,35,Cluster of Cells,-0.393996327,-0.383858155,-1.041838928,0.187552594,-0.98055139,0.187040993,-0.748754646,-0.612938074,0.705104589,-0.393996091,-0.501939494,1.368102702
85,mrms20200604r878,350,533,0.882967461,35.93,56,90.12724286,37.82308664,17.75545017,0.656660413,350,131,Cluster of Cells,-0.36152339,-0.354560453,0.439182323,0.884500321,0.00096606,0.368756634,-0.48210821,-0.457189217,-0.39024291,-0.361523166,-0.398400063,2.130224031
86,mrms20200604r879,188,228,0.711259046,35.2287234,52,88.1976856,19.56022115,13.74946605,0.824561404,188,64,Isolated Cell,-0.383626818,-0.377472758,-0.82900802,0.628297239,-0.98055139,0.285300981,-0.700614658,-0.554691663,1.062942967,-0.383626586,-0.470661957,1.422616783
91,mrms20200604r917,159,182,0.828971822,37.76415094,58.5,115.0434318,19.20387246,10.74054095,0.873626374,159,75,Isolated Cell,-0.387583604,-0.380928385,0.040385628,1.554585601,0.614414467,1.446411529,-0.7048782,-0.627926491,1.487601103,-0.387583371,-0.458798064,1.787980005
92,mrms20200604r919,102,116,0.806779749,39.67647059,57.5,78.76787774,15.16845708,8.962317698,0.879310345,102,53,Isolated Cell,-0.395360736,-0.385886457,-0.123518813,2.25322889,0.369035105,-0.122549458,-0.753160014,-0.671207021,1.536795969,-0.3953605,-0.48252585,1.692470362
94,mrms20200604r924,263,322,0.856508317,35.11406844,56.5,96.70181729,26.74404237,13.80348874,0.816770186,263,83,Isolated Cell,-0.373393749,-0.370411261,0.243762484,0.586409409,0.123655742,0.653114821,-0.614663674,-0.553376794,0.995509853,-0.373393521,-0.450169778,1.937484275
96,mrms20200604r934,602,940,0.887263577,37.31976744,55,86.27524048,49.81868202,22.97950338,0.640425532,602,242,Cluster of Cells,-0.32714028,-0.323985672,0.47091223,1.392235363,-0.244413302,0.202152936,-0.33858665,-0.330039944,-0.530756075,-0.327140068,-0.278682595,2.167961648
98,mrms20200604r970,454,593,0.814170475,33.71365639,58,84.87615712,33.66893769,19.54905732,0.765598651,454,110,Cluster of Cells,-0.347333535,-0.350053114,-0.068932983,0.074785484,0.491724786,0.141640912,-0.531810615,-0.413534255,0.55261936,-0.347333316,-0.421049313,1.722279348
99,mrms20200604r978,1023,1818,0.685250012,30.06451613,54.5,62.54862359,49.33697682,35.93251079,0.562706271,1023,128,Isolated Cell,-0.269698657,-0.258028283,-1.021103468,-1.258384604,-0.367102984,-0.824051548,-0.344350022,-0.014774114,-1.203417579,-0.269698465,-0.40163567,1.373045627
100,mrms20200604r981,242,320,0.402472567,32.26033058,55,73.37850898,20.41692661,18.69030892,0.75625,242,44,Isolated Cell,-0.376259009,-0.370561506,-3.109618598,-0.456169853,-0.244413302,-0.355646086,-0.690364587,-0.434435503,0.47170663,-0.376258779,-0.492232672,1.092380372
102,mrms20200604r991,3814,6417,0.901641293,31.89053487,62,79.97340019,133.7373302,57.83934345,0.594358735,3814,666,Cluster of Cells,0.111107927,0.087459229,0.577102019,-0.591270326,1.473242237,-0.070409174,0.665459829,0.518420654,-0.929464975,0.111107985,0.178616559,2.312220752
103,mrms20200604r995,354,448,0.715289813,35.5720339,58,112.1212235,26.40427576,18.45204552,0.790178571,354,134,Isolated Cell,-0.360977626,-0.36094585,-0.7992379,0.753721654,0.491724786,1.320022535,-0.618728819,-0.440234644,0.765358982,-0.360977402,-0.395164455,1.430967408
104,mrms20200604r998,3112,4571,0.903079891,35.20292416,62.5,82.77943554,107.9912859,46.37929784,0.680813826,3112,951,Cluster of Cells,0.015326408,-0.051216558,0.587727104,0.618871793,1.595931918,0.050955202,0.357420726,0.239492319,-0.181194713,0.015326499,0.485999245,2.328437275
105,mrms20200604r1007,168,206,0.490671052,35.85119048,58,98.07309382,16.34352788,14.24084952,0.815533981,168,63,Isolated Cell,-0.386355636,-0.379125449,-2.458209256,0.855708197,0.491724786,0.712424167,-0.739100855,-0.542731783,0.984810471,-0.386355403,-0.471740493,1.147651189
106,mrms20200604r1010,3023,5040,0.979692138,35.93185577,62,93.28430774,163.4152647,32.76600911,0.599801587,3023,1055,Cluster of Cells,0.003183166,-0.015984194,1.153563739,0.885178305,1.473242237,0.505303456,1.020542117,-0.09184423,-0.882356994,0.003183262,0.598166962,4.987341122
107,mrms20200604r1018,1075,1707,0.98817286,36.49581395,56.5,86.72812201,107.8772634,16.54233674,0.629759813,1075,404,Cluster of Cells,-0.262603729,-0.266366859,1.216199978,1.091213734,0.123655742,0.221740603,0.356056501,-0.486715427,-0.623068055,-0.26260354,-0.103959805,6.521283243
109,mrms20200604r1024,603,889,0.955158551,37.33084577,59,96.80637855,56.27321385,16.66220713,0.678290214,603,257,Cluster of Cells,-0.327003839,-0.32781691,0.972365522,1.396282699,0.737104149,0.65763722,-0.261361264,-0.483797877,-0.203036622,-0.327003627,-0.262504559,3.377296502
111,mrms20200604r1028,3654,6191,0.967342838,33.5500821,60,102.9106007,168.6780711,42.7550945,0.590211597,3654,1071,Cluster of Cells,0.089277382,0.070481587,1.062355259,0.01502556,0.982483511,0.92165211,1.083509078,0.151282111,-0.965358516,0.089277447,0.615423534,3.945215723
112,mrms20200604r1029,1023,1499,0.94862337,36.05522972,59.5,108.3857571,75.19316638,23.79168137,0.68245497,1023,394,Cluster of Cells,-0.269698657,-0.2819923,0.924098501,0.930251512,0.85979383,1.158459156,-0.034993083,-0.310272182,-0.166990587,-0.269698465,-0.114745163,3.160481397
114,mrms20200604r1038,1188,1904,0.924977011,33.0530303,55,86.45467937,78.47517701,29.82237723,0.62394958,1188,306,Cluster of Cells,-0.247185906,-0.251567764,0.749453107,-0.166566416,-0.244413302,0.209913882,0.004274604,-0.163489873,-0.673355716,-0.247185722,-0.209656308,2.631419233
115,mrms20200604r1041,7839,11094,0.936138973,32.33741549,61.5,77.17298584,184.4506383,64.85842145,0.706598161,7839,1618,Cluster of Cells,0.660282596,0.438806281,0.83189224,-0.428007797,1.350552556,-0.191530435,1.272220299,0.689259393,0.041969136,0.66028246,1.205382584,2.843896508
116,mrms20200604r1042,694,852,0.876310362,36.26152738,56,69.02490314,45.42014563,21.88101787,0.814553991,694,214,Isolated Cell,-0.314587716,-0.330596436,0.390014845,1.005619914,0.00096606,-0.543944732,-0.391213033,-0.356776202,0.976328642,-0.314587509,-0.308881596,2.075778463
119,mrms20200604r1047,307,346,0.835377282,34.81433225,53.5,92.21308449,26.99494807,14.8385019,0.887283237,307,110,Isolated Cell,-0.367390349,-0.368608325,0.087694563,0.476904347,-0.612482346,0.458971773,-0.611661708,-0.528185402,1.605801483,-0.367390123,-0.421049313,1.819250235
120,mrms20200604r1048,669,900,0.962350771,30.5612855,52,64.2974399,62.11840811,16.88444072,0.743333333,669,114,Cluster of Cells,-0.317998739,-0.326990565,1.02548525,-1.076895809,-0.98055139,-0.748413156,-0.191426311,-0.47838889,0.359912664,-0.31799853,-0.41673517,3.679032617
122,mrms20200604r1063,297,392,0.792714661,32.64309764,53.5,81.5628564,27.04749953,16.48796285,0.757653061,297,77,Isolated Cell,-0.368754758,-0.365152699,-0.227399624,-0.316330449,-0.612482346,-0.001663297,-0.611032954,-0.488038843,0.483850148,-0.368754531,-0.456640993,1.640439136
125,mrms20200604r1077,7222,9370,0.950152451,33.76100803,56,51.3845195,184.1065306,57.40178277,0.770757737,7222,1180,Cluster of Cells,0.576098554,0.309295415,0.935391866,0.092084845,0.00096606,-1.306912368,1.268103215,0.507770778,0.59727134,0.576098447,0.73298393,3.20733123
127,mrms20200604r1087,968,1543,0.936057845,34.01859504,56,90.96039803,73.74370122,25.94643711,0.62734932,968,294,Cluster of Cells,-0.277202907,-0.278686918,0.831293049,0.186191202,0.00096606,0.404791589,-0.052335241,-0.257827152,-0.643930912,-0.277202712,-0.222598737,2.842151349
128,mrms20200604r1088,765,1095,0.958610979,35.37320261,55,48.75777863,63.07717814,17.95928014,0.698630137,765,206,Cluster of Cells,-0.304900412,-0.312341714,0.997864191,0.681081004,-0.244413302,-1.420522044,-0.179955086,-0.452228159,-0.026994247,-0.304900207,-0.317509882,3.512233099
129,mrms20200604r1090,95,112,0.642770652,33.77368421,53,111.4672022,13.02041343,9.974400623,0.848214286,95,29,Isolated Cell,-0.396315823,-0.386186946,-1.334844141,0.096715937,-0.735172028,1.291735333,-0.778860329,-0.646573733,1.267659058,-0.396315586,-0.508410708,1.305383043
130,mrms20200604r1096,7993,12443,0.954127197,32.74415113,65.5,133.5396959,214.6548934,64.26800894,0.642369204,7993,2251,Cluster of Cells,0.681294497,0.540146279,0.964748233,-0.279411755,2.332070007,2.246397014,1.633599762,0.674889225,-0.513933565,0.681294353,1.888095708,3.33999601
132,mrms20200604r1116,668,766,0.906944825,33.76197605,56,98.12448232,45.98666122,19.37185492,0.872062663,668,189,Cluster of Cells,-0.31813518,-0.337056955,0.616272427,0.092438499,0.00096606,0.714646781,-0.384434945,-0.417847219,1.474067163,-0.318134971,-0.33584499,2.373890441
133,mrms20200604r1118,243,366,0.97047764,29.36213992,52.5,71.34827855,39.82765966,9.606077346,0.663934426,243,40,Isolated Cell,-0.376122568,-0.367105879,1.085508029,-1.514989417,-0.857861709,-0.443455974,-0.458124453,-0.655538427,-0.327286202,-0.376122338,-0.496546815,4.146089837
138,mrms20200604r1169,2334,4594,0.863941682,27.09725793,53.5,41.5980816,106.0200172,53.39081856,0.508053983,2334,124,Cluster of Cells,-0.090824622,-0.049488745,0.298663236,-2.342437175,-0.612482346,-1.730187481,0.333835439,0.41014712,-1.676434037,-0.090824493,-0.405949813,1.985735001
139,mrms20200604r1179,595,986,0.891224783,31.34201681,56,65.50529341,47.7729294,21.66798003,0.603448276,595,95,Cluster of Cells,-0.328095367,-0.320530046,0.500168592,-0.791664892,0.00096606,-0.696172051,-0.363063101,-0.361961372,-0.850794844,-0.328095154,-0.437227349,2.204770788
142,mrms20200605r1288,29945,54316,0.702570505,29.19751211,59.5,37.94974335,304.7807949,216.8863233,0.551310848,29945,1799,Cluster of Cells,3.676445387,3.685742838,-0.893179147,-1.575134235,0.85979383,-1.887982463,2.711913057,4.389496812,-1.302045155,3.676444185,1.400597553,1.405255943
145,mrms20200605r1383,165,188,0.820378776,35.3969697,54.5,71.70453627,19.69443709,11.26168251,0.877659574,165,52,Isolated Cell,-0.386764959,-0.380477651,-0.023080204,0.689764025,-0.367102984,-0.428047402,-0.699008829,-0.615242323,1.522508524,-0.386764725,-0.483604386,1.748800597
151,mrms20200605r1414,365,453,0.876166119,35.11232877,51,74.12025896,33.18827429,15.99705569,0.805739514,365,131,Isolated Cell,-0.359476776,-0.360570238,0.388949512,0.585773839,-1.225930753,-0.323564514,-0.537561522,-0.499987131,0.900039203,-0.359476553,-0.398400063,2.074648919
155,mrms20200605r1427,69,74,0.72087401,35.31884058,50.5,101.8403697,11.50421248,7.973180028,0.932432432,69,27,Isolated Cell,-0.399863286,-0.389041594,-0.757994579,0.661220479,-1.348620435,0.875363341,-0.797000948,-0.69528184,1.996568524,-0.399863048,-0.51056778,1.442863756
156,mrms20200605r1433,368,451,0.759886383,36.16983696,52,83.13487823,27.72511658,18.02287586,0.815964523,368,152,Isolated Cell,-0.359067454,-0.360720483,-0.469860101,0.972121907,-0.98055139,0.066328523,-0.602925591,-0.45068029,0.988536826,-0.35906723,-0.375750812,1.538329221
157,mrms20200605r1438,5647,9525,0.965714185,30.86267044,71,84.48676305,214.3115976,55.63692202,0.592860892,5647,962,Cluster of Cells,0.361204118,0.320939374,1.050326487,-0.966788397,3.681656502,0.124799154,1.629492393,0.46481548,-0.942428824,0.361204087,0.497863138,3.851967181
158,mrms20200605r1444,195,254,0.864219089,35.63076923,51.5,81.94571992,23.77958773,11.96388293,0.767716535,195,79,Cluster of Cells,-0.382671731,-0.375519578,0.30071209,0.77517991,-1.103241072,0.014896007,-0.650131956,-0.598151327,0.570949685,-0.3826715,-0.454483921,1.987614545
160,mrms20200605r1451,705,1220,0.888550861,33.91843972,58.5,89.21214225,55.89641837,25.64405401,0.577868852,705,202,Cluster of Cells,-0.313086866,-0.302951425,0.480419748,0.149600643,0.614414467,0.329177441,-0.265869442,-0.265186915,-1.07218518,-0.313086659,-0.321824025,2.179702879
161,mrms20200605r1459,838,1241,0.96559763,34.75835322,53,96.66744216,71.78110035,18.66601475,0.675261886,838,282,Cluster of Cells,-0.294940225,-0.301373856,1.049465638,0.456453075,-0.735172028,0.651628055,-0.075816821,-0.435026804,-0.229246853,-0.294940024,-0.235541166,3.845550393
162,mrms20200605r1462,303,411,0.344571918,33.72277228,54.5,79.03205568,22.69777136,21.3077581,0.737226277,303,80,Cluster of Cells,-0.367936113,-0.363725375,-3.537256603,0.078115866,-0.367102984,-0.111123447,-0.663075371,-0.370728886,0.307055993,-0.367935886,-0.453405385,1.065235078
163,mrms20200605r1465,138,157,0.783128056,33.98188406,54,97.00148341,17.30459144,10.76104142,0.878980892,138,45,Isolated Cell,-0.390448863,-0.382806442,-0.298203606,0.17277928,-0.489792665,0.666075738,-0.727602189,-0.627427526,1.533944546,-0.390448629,-0.491154136,1.608077766
164,mrms20200605r1466,1078,2119,0.940118362,32.3538961,63,88.26088927,89.80318709,30.60925074,0.508730533,1078,216,Cluster of Cells,-0.262194406,-0.235416467,0.861282892,-0.421986799,1.7186216,0.288034615,0.139808825,-0.144338002,-1.670578487,-0.262194217,-0.306724525,2.933857736
165,mrms20200605r1478,693,1048,0.913902106,37.30519481,57.5,72.51472049,53.30535515,21.63849071,0.661259542,693,304,Cluster of Cells,-0.314724157,-0.315872463,0.667656958,1.386911423,0.369035105,-0.393005969,-0.296870274,-0.362679119,-0.35043737,-0.31472395,-0.211813379,2.463450703
166,mrms20200605r1486,462,517,0.789093584,36.68073593,55,98.39861158,31.39788455,19.28687265,0.893617021,462,196,Isolated Cell,-0.346242008,-0.35576241,-0.254143881,1.158772784,-0.244413302,0.726503198,-0.558982679,-0.41991562,1.660620492,-0.346241789,-0.328295239,1.627940679
169,mrms20200605r1491,1460,2531,0.712399688,31.80684932,52.5,69.5178298,63.70666169,44.70767594,0.576847096,1460,317,Cluster of Cells,-0.210073978,-0.204466074,-0.820583551,-0.621843851,-0.857861709,-0.522625066,-0.172423617,0.19880638,-1.081028499,-0.210073807,-0.197792415,1.424960264
170,mrms20200605r1494,13098,19400,0.92680877,33.83008856,64,86.74813804,237.3304976,89.12558223,0.675154639,13098,3833,Cluster of Cells,1.37782535,1.062772202,0.762981968,0.117322598,1.964000962,0.22260632,1.904902519,1.279902658,-0.230175072,1.37782496,3.594339251,2.662877388
171,mrms20200605r1495,840,1154,0.821479994,33.25952381,55,74.14633787,47.45696927,27.06173575,0.727902946,840,212,Cluster of Cells,-0.294667343,-0.307909498,-0.014946919,-0.091126464,-0.244413302,-0.322436571,-0.366843413,-0.230681676,0.226362406,-0.294667143,-0.311038668,1.753655778
172,mrms20200605r1505,478,656,0.973049761,34.13389121,51.5,74.05843298,57.77774767,13.32327321,0.728658537,478,144,Supercell,-0.344058953,-0.345320409,1.104505,0.228313291,-1.103241072,-0.326238562,-0.243360237,-0.565064856,0.232902053,-0.344058735,-0.384379098,4.336603082
174,mrms20200605r1512,4176,10923,0.934587281,32.40205939,53,65.60223714,185.4064083,65.95534649,0.382312551,4176,846,Linear,0.160499537,0.425960366,0.820431874,-0.404390915,-0.735172028,-0.691979119,1.28365563,0.715957671,-2.76472823,0.160499577,0.372752992,2.811089898
175,mrms20200605r1514,249,339,0.765728698,31.05220884,52,71.51735456,24.7489338,15.91761614,0.734513274,249,54,Isolated Cell,-0.375303922,-0.369134182,-0.426710398,-0.897542795,-0.98055139,-0.436143235,-0.638534194,-0.501920626,0.283574906,-0.375303693,-0.481447315,1.554814087
176,mrms20200605r1515,178,209,0.910449212,36.86797753,54.5,111.5738622,23.94830198,9.905517741,0.851674641,178,72,Isolated Cell,-0.384991227,-0.378900082,0.642154847,1.227179279,-0.367102984,1.296348504,-0.648113371,-0.648250288,1.297608492,-0.384990994,-0.462033671,2.417672918
179,mrms20200605r1529,35251,71967,0.728137393,30.35233043,54.5,39.27107191,354.5557494,243.0235747,0.489821724,35251,2637,Cluster of Cells,4.400400863,5.011726762,-0.704349268,-1.153235064,-0.367102984,-1.830833426,3.307446575,5.025656584,-1.834234548,4.400399407,2.304410504,1.458935619
180,mrms20200605r1537,1595,2028,0.612369115,30.04670846,54.5,60.79954246,54.90876578,43.40933208,0.786489152,1595,200,Cluster of Cells,-0.191654455,-0.242252597,-1.559381393,-1.264890423,-0.367102984,-0.899701394,-0.277686233,0.16720573,0.733426994,-0.191654291,-0.323981096,1.264906948
183,mrms20200605r1559,933,1775,0.786921664,33.97749196,53.5,57.98770346,65.30665176,40.29765959,0.525633803,933,220,Cluster of Cells,-0.281978339,-0.261258542,-0.270185081,0.17117468,-0.612482346,-1.021316784,-0.153280501,0.091470113,-1.524280407,-0.281978142,-0.302410382,1.620606567
184,mrms20200605r1574,194,278,0.740630121,33.38402062,55.5,81.59093023,22.86468745,15.36307979,0.697841727,194,53,Cluster of Cells,-0.382808172,-0.373716643,-0.612081471,-0.045643032,-0.121723621,-0.00044907,-0.6610783,-0.515417596,-0.033817952,-0.38280794,-0.48252585,1.48828801
185,mrms20200605r1580,38629,68518,0.939097634,29.90850138,61.5,43.52228502,487.8758187,167.6587455,0.563778861,38629,3343,Cluster of Cells,4.861298263,4.752629909,0.853744084,-1.315382739,1.350552556,-1.646963388,4.902557424,3.191336978,-1.194134291,4.861296643,3.065856737,2.909933611
186,mrms20200605r1587,437,588,0.842825646,35.61784897,51.5,61.03245029,35.19380204,18.94083639,0.743197279,437,159,Cluster of Cells,-0.349653031,-0.350428726,0.1427061,0.770459646,-1.103241072,-0.889627852,-0.513566342,-0.428337865,0.358735111,-0.349652811,-0.368201062,1.858091233
187,mrms20200605r1588,1151,1466,0.774604982,36.2502172,63,127.5785729,50.73064137,32.08435828,0.785129604,1151,399,Isolated Cell,-0.25223422,-0.284471336,-0.361152647,1.001487876,1.7186216,1.988571336,-0.327675492,-0.108435065,0.721660088,-0.252234034,-0.109352484,1.581164284
188,mrms20200605r1599,6680,10558,0.883325867,28.76908683,54,42.69379737,161.5820481,75.74311051,0.632695586,6680,518,Cluster of Cells,0.50214758,0.398540722,0.441829403,-1.731654326,-0.489792665,-1.682796467,0.998608558,0.954184011,-0.597658884,0.502147499,0.018993269,2.133290368
189,mrms20200605r1608,221,287,0.45721516,33.42081448,52,74.1577568,18.93492957,16.83989538,0.770034843,221,44,Isolated Cell,-0.379124268,-0.373040542,-2.705305113,-0.032200832,-0.98055139,-0.321942688,-0.708095973,-0.479473088,0.591014678,-0.379124037,-0.492232672,1.124408979
190,mrms20200605r1622,156,176,0.874793727,33.69551282,54.5,92.55632602,20.51610396,9.939961007,0.886363636,156,42,Isolated Cell,-0.387992927,-0.381379118,0.378813407,0.068156947,-0.367102984,0.473817378,-0.689177978,-0.647411966,1.597842325,-0.387992693,-0.494389744,2.064002459
194,mrms20200605r1644,1907,4029,0.797563341,31.54745674,60,72.60747518,88.39237768,53.32139442,0.473318441,1907,348,Cluster of Cells,-0.149084891,-0.091932851,-0.191588629,-0.716609851,0.982483511,-0.388994218,0.122929165,0.408457392,-1.977070734,-0.149084741,-0.164357807,1.657728172
195,mrms20200605r1645,14512,26237,0.706254353,31.71781974,59.5,56.95782606,199.1346082,140.9789753,0.553112017,14512,2274,Cluster of Cells,1.570752799,1.576383447,-0.865971277,-0.654369752,0.85979383,-1.06586021,1.447906974,2.541972732,-1.286456001,1.570752341,1.91290203,1.412512807
196,mrms20200605r1651,539,782,0.884499039,34.58070501,51.5,83.51899691,44.30773492,20.67141987,0.689258312,539,179,Cluster of Cells,-0.335736058,-0.335854998,0.450494124,0.391551408,-1.103241072,0.082942113,-0.404522495,-0.386216849,-0.108107548,-0.335735843,-0.346630347,2.143429682
197,mrms20200605r1667,7526,14735,0.781405102,30.0168084,55.5,55.28987825,166.5788759,103.9492316,0.510756702,7526,938,Cluster of Cells,0.617576591,0.712326618,-0.310928862,-1.275814057,-0.121723621,-1.138000943,1.058393212,1.640698417,-1.653041965,0.61757647,0.47197828,1.602502234
202,mrms20200605r1687,75,91,0.839002296,37.50666667,55.5,114.6966222,13.60780119,7.404383989,0.824175824,75,37,Isolated Cell,-0.399044641,-0.387764515,0.114467903,1.460516777,-0.121723621,1.4314116,-0.771832516,-0.709125881,1.059605772,-0.399044403,-0.499782422,1.837803281
203,mrms20200605r1700,461,586,0.831818351,34.13123644,60,95.85208285,34.1645505,18.96296383,0.78668942,461,136,Isolated Cell,-0.346378449,-0.350578971,0.0614093,0.227343402,0.982483511,0.616362793,-0.525880844,-0.427799301,0.735160316,-0.34637823,-0.393007384,1.801646136
204,mrms20200605r1706,6521,12910,0.905412901,30.32556356,64.5,58.80629176,191.6425915,81.35842611,0.505112316,6521,752,Cluster of Cells,0.480453475,0.575228399,0.604958063,-1.163014021,2.086690644,-0.985911864,1.358268579,1.090856297,-1.701894218,0.480453402,0.271370633,2.355534646
205,mrms20200605r1708,1884,2441,0.824341132,35.56316348,58.5,91.38746473,68.27119983,38.6478733,0.77181483,1884,644,Cluster of Cells,-0.152223032,-0.211227082,0.006184645,0.750480952,0.614414467,0.423262733,-0.117811102,0.051315636,0.606420493,-0.152222881,0.154888773,1.766493056
206,mrms20200605r1712,139,199,0.829430829,32.59352518,56.5,103.9768646,19.49406173,10.88956678,0.698492462,139,34,Isolated Cell,-0.390312422,-0.379651305,0.04377573,-0.33444116,0.123655742,0.967769293,-0.701406224,-0.624299322,-0.028185823,-0.390312188,-0.503018029,1.790159529
208,mrms20200605r1723,373,440,0.872446789,33.13941019,53.5,80.30764255,32.0202824,15.6486039,0.847727273,373,97,Isolated Cell,-0.358385249,-0.361546828,0.36147958,-0.13500855,-0.612482346,-0.055952793,-0.551535986,-0.508468168,1.263443952,-0.358385026,-0.435070278,2.046206971
211,mrms20200605r1733,372,458,0.328538602,31.66129032,53.5,77.11242629,23.04614773,21.7668686,0.812227074,372,68,Cluster of Cells,-0.35852169,-0.360194627,-3.655674187,-0.675022102,-0.612482346,-0.194149708,-0.658907214,-0.359554504,0.956189142,-0.358521467,-0.466347814,1.05877185
212,mrms20200605r1738,1098,1466,0.820648998,36.54189435,67,123.4199206,54.99331378,31.42497252,0.748976808,1098,412,Cluster of Cells,-0.259465588,-0.284471336,-0.021084418,1.108048661,2.700139051,1.808704663,-0.276674656,-0.124483987,0.408757028,-0.2594654,-0.095331519,1.749987649
213,mrms20200605r1740,3196,3916,0.82126427,33.27221527,65.5,111.5183582,87.39597972,49.86359985,0.816138917,3196,817,Cluster of Cells,0.026787444,-0.100421673,-0.016540198,-0.08648979,2.332070007,1.293947889,0.11100774,0.324297441,0.990046208,0.026787531,0.341475456,1.752700968
214,mrms20200605r1741,2054,2801,0.66211159,37.04771178,65,142.1637411,63.35096003,47.4755426,0.733309532,2054,808,Isolated Cell,-0.129028077,-0.18418305,-1.191997379,1.292843056,2.209380325,2.619397258,-0.176679417,0.266174039,0.273156499,-0.129027935,0.331768634,1.33439149
215,mrms20200605r1749,855,1085,0.81407004,31.36374269,56.5,82.22383161,47.15068231,27.38354655,0.788018433,855,156,Isolated Cell,-0.29262073,-0.313092937,-0.069674762,-0.783727598,0.123655742,0.026924669,-0.37050799,-0.222849059,0.746662949,-0.29262053,-0.371436669,1.721861784
217,mrms20200605r1759,1166,1561,0.850174242,32.73456261,54.5,102.4108895,55.60172106,29.27438578,0.746957079,1166,361,Cluster of Cells,-0.250187606,-0.277334717,0.196980774,-0.282914809,-0.367102984,0.900039003,-0.269395354,-0.176827546,0.391276242,-0.250187421,-0.150336842,1.899330065
220,mrms20200605r1771,364,422,0.784942588,35.17994505,57.5,96.07682307,28.2781886,17.52027506,0.862559242,364,131,Isolated Cell,-0.359613217,-0.36289903,-0.284801979,0.610476648,0.369035105,0.626083076,-0.596308349,-0.462913191,1.391814891,-0.359612994,-0.398400063,1.614026521
231,mrms20200608r2006,1733,2339,0.931881108,35.10934795,53,78.68899513,83.01970502,30.11654673,0.740914921,1733,604,Cluster of Cells,-0.172825609,-0.218889558,0.800444835,0.584684834,-0.735172028,-0.125961225,0.058647707,-0.156330023,0.338981264,-0.172825452,0.111747343,2.756614355
232,mrms20200608r2026,440,629,0.978903225,30.38068182,53.5,71.15792226,58.51305991,11.95564814,0.699523052,440,81,Isolated Cell,-0.349243708,-0.347348711,1.147737043,-1.142877221,-0.612482346,-0.45168911,-0.234562578,-0.598351755,-0.019266048,-0.349243488,-0.45232685,4.894177146
237,mrms20200608r2091,753,1293,0.895964012,33.05843293,58.5,109.0616586,54.9729996,24.41497469,0.582366589,753,217,Cluster of Cells,-0.306537703,-0.297467496,0.535171208,-0.164592629,0.614414467,1.187692703,-0.276917706,-0.295101722,-1.033257193,-0.306537498,-0.305645989,2.251609936
238,mrms20200608r2111,322,464,0.894637779,33.45652174,55.5,90.37233324,33.58068499,15.00358716,0.693965517,322,86,Cluster of Cells,-0.365343736,-0.359743893,0.525376025,-0.019155608,-0.121723621,0.379357085,-0.532866516,-0.524167359,-0.067366608,-0.36534351,-0.446934171,2.238177086
239,mrms20200608r2139,3994,8112,0.957987775,30.66562344,54.5,52.65327744,167.3647037,48.00170898,0.492357002,3994,542,Cluster of Cells,0.135667292,0.214791547,0.993261383,-1.038777183,-0.367102984,-1.252037073,1.067795265,0.278980507,-1.812291674,0.13566734,0.044878127,3.486640522
243,mrms20200608r2176,847,1395,0.980209812,32.54781582,51,53.52162156,86.08139223,17.04079466,0.607168459,847,154,Cluster of Cells,-0.293712257,-0.28980502,1.157387133,-0.351140532,-1.225930753,-1.214480154,0.09527933,-0.47458336,-0.818596598,-0.293712057,-0.373593741,5.051489321
250,mrms20200608r2315,1788,2509,0.980252801,35.87975391,59.5,94.01182723,115.3549342,22.81125855,0.712634516,1788,615,Cluster of Cells,-0.165321359,-0.206118765,1.157704634,0.86614351,0.85979383,0.536769542,0.445523256,-0.334134889,0.094213885,-0.165321204,0.123611236,5.056929849
252,mrms20200608r2352,9286,15366,0.961681225,34.41034891,62.5,85.28134993,248.8782827,68.23497335,0.604321229,9286,2728,Cluster of Cells,0.857712595,0.759728797,1.02054017,0.32931383,1.595931918,0.159165984,2.043066242,0.771441963,-0.843239422,0.857712389,2.402557257,3.647371288
253,mrms20200608r2359,2883,4753,0.954196972,31.04006243,70.5,81.24509982,129.3296878,38.69274048,0.606564275,2883,434,Cluster of Cells,-0.015918561,-0.037544298,0.965263572,-0.901980338,3.55896682,-0.015406648,0.612724497,0.052407667,-0.823825817,-0.015918459,-0.071603733,3.342479396
254,mrms20200608r2429,8012,15124,0.841747669,34.82370195,56.5,80.24366313,174.534965,94.22639266,0.529754033,8012,2514,Cluster of Cells,0.683886874,0.741549197,0.134744465,0.480327456,0.123655742,-0.058719979,1.153584012,1.404052301,-1.488619743,0.683886729,2.171750608,1.852293822
261,mrms20200608r2540,964,1171,0.730848374,35.28526971,63,122.9653017,45.00799256,30.71974876,0.82322801,964,337,Isolated Cell,-0.27774867,-0.306632418,-0.684326721,0.64895576,1.7186216,1.789041851,-0.396144248,-0.141648568,1.051402427,-0.277748476,-0.1762217,1.465115907
265,mrms20200608r2590,709,816,0.507898267,37.15091678,66.5,129.0773652,33.60734409,28.94993952,0.868872549,709,265,Isolated Cell,-0.312541103,-0.333300839,-2.330973858,1.330547779,2.577449369,2.053395888,-0.532547552,-0.184724308,1.446456672,-0.312540896,-0.253876273,1.160877869
268,mrms20200608r2638,378,480,0.943714535,33.9457672,56.5,106.0347572,40.10262768,13.26438745,0.7875,378,111,Isolated Cell,-0.357703045,-0.358541936,0.887843223,0.159584413,0.123655742,1.056775606,-0.454834592,-0.566498088,0.742175901,-0.357702822,-0.419970777,3.02333054
269,mrms20200608r2644,217,288,0.949488962,33.94009217,51.5,69.74295483,31.43429989,9.864096906,0.753472222,217,67,Isolated Cell,-0.379670031,-0.37296542,0.930491522,0.157511109,-1.103241072,-0.51288814,-0.558546987,-0.649258437,0.447664917,-0.379669801,-0.46742635,3.186738755
270,mrms20200608r2647,598,847,0.612193715,29.96989967,53.5,79.67133477,35.8575504,28.35284547,0.706021251,598,117,Isolated Cell,-0.327686044,-0.330972047,-1.560676846,-1.292951606,-0.612482346,-0.083473864,-0.505624911,-0.1992571,0.036975973,-0.327685832,-0.413499563,1.264689657
271,mrms20200608r2660,1879,3492,0.971025653,35.35657265,61,87.00750204,127.0303146,30.35710426,0.538087056,1879,605,Cluster of Cells,-0.152905236,-0.132273533,1.089555499,0.675005442,1.227862874,0.233824122,0.585213596,-0.150475045,-1.416497292,-0.152905086,0.112825879,4.184533332
273,mrms20200608r2678,5510,8151,0.974127575,38.11034483,63,112.0288404,195.73602,44.23611024,0.675990676,5510,2541,Cluster of Cells,0.342511713,0.217721318,1.112465427,1.681063429,1.7186216,1.316026852,1.407244493,0.187328849,-0.22293916,0.342511689,2.200871073,4.424801795
277,mrms20200610r2859,585,754,0.800860147,29.12905983,52.5,68.5709504,36.46929489,21.83968908,0.775862069,585,75,Isolated Cell,-0.329459776,-0.337958422,-0.167239341,-1.600142462,-0.857861709,-0.56357873,-0.49830568,-0.357782112,0.641449414,-0.329459563,-0.458798064,1.669863282
280,mrms20200610r2874,2409,3376,0.80292135,29.81486094,55,90.16103278,79.97607782,47.67253894,0.713566351,2409,428,Isolated Cell,-0.080591553,-0.140987721,-0.152015874,-1.349593165,-0.244413302,0.370218089,0.022232164,0.270968772,0.102278933,-0.080591428,-0.078074948,1.677613142
281,mrms20200610r2879,608,719,0.906183159,36.80345395,55.5,90.81293215,43.73338895,18.49421271,0.845618915,608,263,Supercell,-0.326321635,-0.340587703,0.610646976,1.203606355,-0.121723621,0.398413514,-0.41139427,-0.439208328,1.245196082,-0.326321423,-0.256033345,2.364706713
283,mrms20200610r2893,832,1036,0.805454533,35.17367788,59.5,74.86857397,45.25683286,26.82180457,0.803088803,832,293,Cluster of Cells,-0.295758871,-0.31677393,-0.133306488,0.608187011,0.85979383,-0.291198997,-0.393166992,-0.236521409,0.877097252,-0.29575867,-0.223677273,1.687314988
285,mrms20200610r2916,1646,2784,0.970890005,33.11117861,55,76.02287625,116.4129726,27.88390775,0.591235632,1646,438,Cluster of Cells,-0.184695969,-0.185460129,1.088553643,-0.14532262,-0.244413302,-0.241274047,0.458182178,-0.210670668,-0.956495479,-0.184695807,-0.06728959,4.174915999
287,mrms20200610r2931,16402,31309,0.900617873,30.75582246,55.5,37.41425247,287.5708853,124.98171,0.523874924,16402,972,Cluster of Cells,1.828626122,1.957403812,0.569543327,-1.005824039,-0.121723621,-1.911143082,2.506004722,2.152612102,-1.539503531,1.828625573,0.508648496,2.30090375
291,mrms20200610r2958,232,293,0.835570977,33.46767241,53,74.66167044,24.47915751,13.44842099,0.791808874,232,67,Isolated Cell,-0.377623418,-0.372589808,0.089125144,-0.015081842,-0.735172028,-0.300147822,-0.641761938,-0.562018859,0.779469275,-0.377623188,-0.46742635,1.820225403
293,mrms20200610r2964,1039,1523,0.903397185,35.28440808,55,71.25573379,64.43611906,27.63051491,0.682206172,1039,341,Cluster of Cells,-0.267515602,-0.280189365,0.590070545,0.648640976,-0.244413302,-0.447458645,-0.163696009,-0.216838047,-0.169143938,-0.267515411,-0.171907557,2.332063636
294,mrms20200610r2975,94,156,0.886483127,34.14361702,55,103.4820337,19.93590827,9.225559174,0.602564103,94,32,Isolated Cell,-0.396452263,-0.382881565,0.465148046,0.231866499,-0.244413302,0.94636727,-0.696119742,-0.664799935,-0.858447378,-0.396452027,-0.505175101,2.160943082
299,mrms20200610r3002,481,722,0.760711782,33.93659044,53,64.05990854,35.51323074,23.0512763,0.666204986,481,115,Cluster of Cells,-0.343649631,-0.340362336,-0.463763941,0.156231793,-0.735172028,-0.758686671,-0.509744531,-0.328293049,-0.307634468,-0.343649413,-0.415656634,1.540618848
302,mrms20200610r3007,17364,36658,0.884973757,28.19387814,51,33.24600088,295.7707411,137.7229546,0.473675596,17364,806,Cluster of Cells,1.959882279,2.359233058,0.454000261,-1.941799994,-1.225930753,-2.091424936,2.604112074,2.462723795,-1.973979554,1.959881684,0.329611563,2.147577664
303,mrms20200610r3009,1606,2605,0.899183283,34.06475716,53.5,70.50265583,77.16860192,33.76683429,0.616506718,1606,461,Cluster of Cells,-0.190153605,-0.198907023,0.558947848,0.203055985,-0.612482346,-0.480030166,-0.011357942,-0.067484946,-0.73777381,-0.190153441,-0.042483268,2.285337182
306,mrms20200610r3022,428,578,0.666335238,34.44392523,52,61.26671543,29.21379929,21.78333659,0.740484429,428,115,Cluster of Cells,-0.350880999,-0.351179949,-1.160802697,0.341580541,-0.98055139,-0.879495605,-0.585114214,-0.359153686,0.33525535,-0.350880778,-0.415656634,1.341107648
309,mrms20200610r3032,148,184,0.834898058,32.57432432,54.5,86.67690833,19.45358413,10.70734236,0.804347826,148,30,Isolated Cell,-0.389084454,-0.38077814,0.084155149,-0.341455964,-0.367102984,0.21952555,-0.701890519,-0.628734518,0.887994117,-0.38908422,-0.507332172,1.816845252
310,mrms20200610r3035,43586,84078,0.788624527,27.67442527,54.5,28.24682655,371.5345908,228.4473587,0.518399581,43586,1165,Cluster of Cells,5.537635861,5.921533079,-0.25760821,-2.131575934,-0.367102984,-2.307645189,3.51059029,4.670883157,-1.586892715,5.537634003,0.716805894,1.626346625
311,mrms20200610r3038,194,260,0.862454777,36.08505155,54.5,93.0739518,23.2652985,11.7753616,0.746153846,194,76,Isolated Cell,-0.382808172,-0.375068844,0.287681374,0.941146563,-0.367102984,0.496205311,-0.65628518,-0.602739785,0.38432425,-0.38280794,-0.457719528,1.975760854
314,mrms20200610r3047,281,358,0.806215879,36.19572954,54,102.1876686,25.73900335,15.22774685,0.784916201,281,115,Supercell,-0.370937813,-0.367706858,-0.127683403,0.981581454,-0.489792665,0.890384434,-0.626688485,-0.518711492,0.719813079,-0.370937585,-0.415656634,1.69026998
316,mrms20200610r3061,5073,7135,0.843906053,30.39522965,54.5,44.70541387,120.439463,64.61468583,0.711002102,5073,525,Linear,0.282887035,0.141397049,0.150685681,-1.137562345,-0.367102984,-1.595791654,0.50635721,0.683327064,0.08008532,0.282887032,0.026543019,1.863964228
317,mrms20200610r3071,351,431,0.971573144,33.42450142,51.5,63.74145096,44.92901499,10.63647593,0.814385151,351,88,Linear,-0.361386949,-0.362222929,1.093599113,-0.03085385,-1.103241072,-0.772460341,-0.397089176,-0.63045935,0.974867331,-0.361386725,-0.444777099,4.224050829
318,mrms20200610r3074,514,738,0.909924158,32.64688716,52,61.39038914,44.93340374,18.63723772,0.696476965,514,108,Cluster of Cells,-0.339147081,-0.339160379,0.638276944,-0.314945994,-0.98055139,-0.87414657,-0.397036667,-0.435727214,-0.045629988,-0.339146864,-0.423206385,2.41094761
319,mrms20200610r3077,323,494,0.938616202,33.84520124,54.5,84.90328193,38.44916917,13.2635493,0.653846154,323,97,Linear,-0.365207295,-0.357490223,0.85018836,0.122843834,-0.367102984,0.142814092,-0.474617432,-0.566518488,-0.414600368,-0.365207069,-0.435070278,2.898859747
320,mrms20200610r3078,241,313,0.858444662,31.32780083,53,74.01287857,26.33403023,13.5068872,0.769968051,241,46,Cluster of Cells,-0.376395449,-0.371087362,0.25806378,-0.79685853,-0.735172028,-0.328208845,-0.619569273,-0.560595838,0.590436591,-0.37639522,-0.490075601,1.949674254
321,mrms20200610r3079,719,815,0.567637496,36.46870654,57.5,96.31925716,34.14211668,28.10847443,0.882208589,719,273,Supercell,-0.311176694,-0.333375961,-1.889756622,1.081310361,0.369035105,0.636568639,-0.526149254,-0.205204895,1.56188032,-0.311176487,-0.245247987,1.214655628
322,mrms20200610r3080,2767,4181,0.969238816,32.87658113,55,74.65815051,141.0824388,34.72351443,0.661803396,2767,670,Cluster of Cells,-0.031745707,-0.08051426,1.076358424,-0.231030026,-0.244413302,-0.300300063,0.753340539,-0.044200117,-0.345730302,-0.031745599,0.182930702,4.063023029
323,mrms20200610r3084,411,529,0.629905935,31.73357664,51.5,58.57074609,28.37141606,22.03526834,0.776937618,411,68,Cluster of Cells,-0.353200494,-0.354860942,-1.429859344,-0.648613153,-1.103241072,-0.996099495,-0.595192926,-0.353021869,0.65075831,-0.353200273,-0.466347814,1.287545749
324,mrms20200610r3090,6644,9849,0.834471483,33.89095424,60.5,89.72723455,146.6407849,80.80656971,0.674586252,6644,1780,Cluster of Cells,0.497235707,0.345279003,0.081004587,0.139559152,1.105173193,0.351455797,0.819843491,1.077424554,-0.235094469,0.497235628,1.380105374,1.814713648
326,mrms20200610r3098,181,223,0.886557288,31.39779006,53.5,78.22021611,23.21108637,10.73788543,0.811659193,181,33,Isolated Cell,-0.384581904,-0.37784837,0.465695781,-0.771288797,-0.612482346,-0.146236477,-0.656933803,-0.627991124,0.951274119,-0.384581672,-0.504096565,2.161606819
327,mrms20200610r3112,5225,8863,0.768583707,34.16172249,56,76.37575971,126.6297124,81.01126174,0.589529505,5225,1537,Cluster of Cells,0.303626054,0.271208403,-0.405624098,0.238481117,0.00096606,-0.226011416,0.580420582,1.082406594,-0.971262041,0.303626043,1.118021189,1.563112457
328,mrms20200610r3113,4014,7891,0.744423697,28.81352765,52,39.08051207,120.1398928,80.2183123,0.508680776,4014,224,Cluster of Cells,0.13839611,0.198189516,-0.584063177,-1.715418398,-0.98055139,-1.839075367,0.502772996,1.063106839,-1.671009141,0.138396158,-0.298096239,1.497661686
330,mrms20200610r3123,1492,3101,0.78827808,29.90046917,55.5,53.64508691,76.57825017,47.12006456,0.481135118,1492,175,Cluster of Cells,-0.205707869,-0.161646357,-0.260166969,-1.318317214,-0.121723621,-1.209140131,-0.018421219,0.257521988,-1.90941727,-0.2057077,-0.35094449,1.625172862
332,mrms20200610r3139,25960,53226,0.912966781,32.07790832,57.5,62.15986828,379.6055119,154.8919145,0.48773156,25960,4804,Linear,3.132728354,3.603859518,0.660748907,-0.52281566,0.369035105,-0.840865679,3.607155,2.880602532,-1.852324953,3.132727345,4.641597455,2.450776809
333,mrms20200610r3147,944,1793,0.911954477,29.94650424,51.5,37.83532676,67.37742678,27.64437869,0.526491913,944,54,Cluster of Cells,-0.280477489,-0.25990634,0.653272313,-1.301498848,-1.103241072,-1.892931117,-0.128504669,-0.216500614,-1.516853449,-0.280477293,-0.481447315,2.437292136
337,mrms20200610r3256,1260,1700,0.800661489,35.00992063,55.5,66.38343333,55.37237126,33.17452894,0.741176471,1260,389,Cluster of Cells,-0.237362161,-0.266892715,-0.16870657,0.548360244,-0.121723621,-0.658191452,-0.272139415,-0.081901184,0.341244981,-0.23736198,-0.120137841,1.66912306
338,mrms20200610r3278,733,933,0.859497897,30.71759891,54,51.42502452,46.88981384,23.96722578,0.785637728,733,72,Cluster of Cells,-0.309266521,-0.324511528,0.26584268,-1.019788561,-0.489792665,-1.305160477,-0.373629156,-0.305999572,0.726057904,-0.309266315,-0.462033671,1.956413907
339,mrms20200610r3281,527,798,0.775108144,30.52182163,51.5,56.5370001,37.25270666,23.53732508,0.660401003,527,72,Cluster of Cells,-0.337373349,-0.334653041,-0.357436437,-1.091313465,-1.103241072,-1.084061435,-0.488932533,-0.31646301,-0.357868044,-0.337373133,-0.462033671,1.582707743
340,mrms20200610r3294,544,740,0.86454178,31.88143382,57,89.2823575,41.96868265,21.09182109,0.735135135,544,121,Cluster of Cells,-0.335053853,-0.339010135,0.303095395,-0.594595286,0.246345423,0.332214334,-0.432508137,-0.37598462,0.288957122,-0.335053638,-0.40918542,1.989808394
343,mrms20200610r3318,1746,2286,0.822049478,37.34965636,59.5,110.0202089,66.7933957,38.03323254,0.763779528,1746,815,Cluster of Cells,-0.171051878,-0.222871041,-0.010740864,1.403154923,0.85979383,1.229151147,-0.135492321,0.036355772,0.536874816,-0.17105172,0.339318384,1.756185085
344,mrms20200610r3355,1041,1585,0.967187553,36.35782901,55,96.73483064,84.29810881,21.41706843,0.656782334,1041,427,Cluster of Cells,-0.26724272,-0.275531781,1.061208368,1.040802573,-0.244413302,0.654542688,0.073943197,-0.36806836,-0.389187677,-0.267242529,-0.079153483,3.936024629
345,mrms20200610r3391,272,404,0.961435399,34.69117647,53.5,105.8255839,39.04047899,10.73733649,0.673267327,272,88,Isolated Cell,-0.372165781,-0.364251231,1.018724566,0.431910846,-0.612482346,1.047728611,-0.467542693,-0.628004485,-0.246509793,-0.372165553,-0.444777099,3.635955622
350,mrms20200619r3548,980,1216,0.950145919,36.35510204,57,84.90145356,66.61767579,20.7717644,0.805921053,980,382,Cluster of Cells,-0.275565616,-0.303251914,0.935343625,1.039806307,0.246345423,0.142735013,-0.137594726,-0.383774543,0.901610419,-0.275565422,-0.127687592,3.207126487
353,mrms20200619r3559,2221,3450,0.969201142,35.79828906,62.5,101.5612938,124.3990437,30.63581146,0.643768116,2221,796,Cluster of Cells,-0.106242445,-0.13542867,1.076080173,0.836381292,1.595931918,0.863292976,0.553731699,-0.143691535,-0.501825955,-0.10624231,0.318826205,4.060576097
356,mrms20200619r3564,490,609,0.892392066,37.55816327,59.5,113.094066,38.71553351,17.47080654,0.804597701,490,210,Isolated Cell,-0.342421662,-0.348851157,0.508789815,1.479330448,0.85979383,1.362099133,-0.47143051,-0.464117215,0.89015679,-0.342421445,-0.313195739,2.216012948
357,mrms20200619r3566,1271,3065,0.947146563,27.91070024,53,57.10197835,103.2641003,33.12724372,0.414681892,1271,126,Cluster of Cells,-0.235861311,-0.16435076,0.913191222,-2.04525568,-0.735172028,-1.059625452,0.300862212,-0.083052069,-2.484571045,-0.235861131,-0.403792741,3.11719566
361,mrms20200619r3575,1233,1815,0.94941632,35.38483374,60,90.28195166,80.57889383,25.30339601,0.679338843,1233,419,Cluster of Cells,-0.241046065,-0.25825365,0.929955007,0.685330297,0.982483511,0.375447974,0.029444569,-0.273478258,-0.193960718,-0.241045883,-0.087781769,3.18450906
362,mrms20200619r3591,3194,5022,0.826511102,35.47761428,59.5,100.6149497,95.30059958,53.64665347,0.636001593,3194,1179,Cluster of Cells,0.026514562,-0.017336396,0.022211439,0.719226565,0.85979383,0.822362467,0.205582735,0.416373937,-0.56904534,0.02651465,0.731905394,1.776450038
366,mrms20200619r3613,544,617,0.6890339,35.86764706,59,139.9576665,31.62433114,22.91907339,0.881685575,544,217,Isolated Cell,-0.335053853,-0.348250179,-0.993156728,0.861720414,0.737104149,2.5239819,-0.556273354,-0.331510762,1.557353629,-0.335053638,-0.305645989,1.379825903
369,mrms20200619r3619,1012,1297,0.715998108,30.90859684,55.5,88.32637866,45.51164051,31.77177728,0.780262143,1012,212,Cluster of Cells,-0.271199507,-0.297167007,-0.794006631,-0.950009734,-0.121723621,0.290867109,-0.390118341,-0.116043037,0.679532132,-0.271199314,-0.311038668,1.432454978
371,mrms20200619r3627,4843,9061,0.692693965,28.45261202,54.5,46.8619398,117.2724601,84.5806081,0.534488467,4843,384,Cluster of Cells,0.251505625,0.286082621,-0.966124515,-1.847274642,-0.367102984,-1.502519335,0.468465535,1.169281627,-1.44764314,0.251505633,-0.12553052,1.386517107
372,mrms20200619r3638,134,161,0.818349166,32.19402985,52,85.75712854,17.85689415,10.26273851,0.832298137,134,31,Isolated Cell,-0.390994627,-0.382505953,-0.038070337,-0.480392037,-0.98055139,0.179743976,-0.720994151,-0.63955582,1.129904522,-0.390994392,-0.506253637,1.739973609
374,mrms20200619r3644,2582,3566,0.644164754,33.34585593,60.5,76.25722334,71.16162884,54.43058839,0.724060572,2582,572,Cluster of Cells,-0.056987276,-0.126714482,-1.324547697,-0.05958605,1.105173193,-0.231138256,-0.083228501,0.435454285,0.193106594,-0.056987159,0.077234199,1.307383053
376,mrms20200619r3662,151,191,0.934798162,34.69536424,52.5,92.51315732,24.22276312,8.603426137,0.790575916,151,53,Isolated Cell,-0.388675131,-0.380252284,0.821989383,0.433440797,-0.857861709,0.47195028,-0.644829574,-0.679942155,0.768798008,-0.388674898,-0.48252585,2.81547871
378,mrms20200619r3672,489,929,0.977072389,32.71676892,55,76.16466768,67.41066811,14.35222779,0.526372443,489,129,Cluster of Cells,-0.342558103,-0.324812018,1.134215002,-0.289415523,-0.244413302,-0.235141399,-0.128106952,-0.540020925,-1.51788746,-0.342557886,-0.400557134,4.696878358
379,mrms20200619r3673,223,267,0.943760548,38.34304933,54.5,89.71751895,30.02360371,9.926696427,0.835205993,223,112,Cluster of Cells,-0.378851386,-0.374542988,0.88818306,1.766079256,-0.367102984,0.351035586,-0.575425292,-0.647734815,1.155072063,-0.378851155,-0.418892242,3.024531266
380,mrms20200619r3678,236,298,0.835558932,33.38559322,54.5,93.63097889,24.80729701,13.62914955,0.791946309,236,65,Isolated Cell,-0.377077654,-0.372214196,0.089036182,-0.045068501,-0.367102984,0.520297397,-0.637835906,-0.55762007,0.780658778,-0.377077424,-0.469583421,1.820164708
383,mrms20200619r3685,364,454,0.894061393,31.04258242,52.5,68.14310432,33.54568694,15.0266041,0.801762115,364,48,Isolated Cell,-0.359613217,-0.360495116,0.521119,-0.901059692,-0.857861709,-0.582083583,-0.533285251,-0.523607145,0.865614741,-0.359612994,-0.487918529,2.232419695
384,mrms20200619r3686,4748,7317,0.913881252,29.84604044,53.5,53.90584574,139.4687369,56.62174052,0.648899822,4748,529,Isolated Cell,0.238543739,0.15506931,0.667502936,-1.338202105,-0.612482346,-1.197862,0.734033368,0.488785174,-0.45741095,0.238543751,0.030857162,2.463165837
386,mrms20200619r3689,1239,1811,0.923916432,36.38458434,61,95.85068245,78.07338831,29.87043623,0.684152402,1239,516,Cluster of Cells,-0.24022742,-0.258554139,0.741619968,1.050577316,1.227862874,0.616302224,-0.000532606,-0.162320155,-0.152299285,-0.240227238,0.016836198,2.613734453
387,mrms20200619r3690,375,505,0.666588698,29.03866667,54,52.54983822,27.55765152,20.54218231,0.742574257,375,30,Cluster of Cells,-0.358112367,-0.356663878,-1.158930719,-1.633166531,-0.489792665,-1.256510943,-0.60492923,-0.389362388,0.353342849,-0.358112144,-0.507332172,1.341515284
388,mrms20200619r3691,515,708,0.952382753,36.56019417,54,79.89734754,49.1102447,14.97396184,0.72740113,515,204,Cluster of Cells,-0.33901064,-0.341414049,0.951864252,1.114734284,-0.489792665,-0.073698542,-0.347062763,-0.524888416,0.222019178,-0.339010423,-0.319666954,3.279709486
389,mrms20200619r3692,178,226,0.698849081,32.58707865,55.5,118.8000016,19.15892518,13.7037882,0.787610619,178,51,Isolated Cell,-0.384991227,-0.377623003,-0.920664549,-0.336796322,-0.121723621,1.608887652,-0.705415973,-0.555803425,0.743133315,-0.384990994,-0.484682922,1.398075109
390,mrms20200619r3694,618,1081,0.92926468,32.33980583,53.5,60.86915983,59.89476744,22.1260022,0.571692877,618,125,Cluster of Cells,-0.324957226,-0.313393426,0.781120632,-0.427134515,-0.612482346,-0.896690359,-0.218031108,-0.35081348,-1.125638351,-0.324957014,-0.404871277,2.706985514
396,mrms20200619r3746,2135,3453,0.891879689,31.535363,56,48.38153634,91.85187642,41.54209867,0.618302925,2135,300,Cluster of Cells,-0.117976363,-0.135203303,0.505005545,-0.721028155,0.00096606,-1.436794972,0.164320413,0.121758764,-0.722227607,-0.117976225,-0.216127522,2.211055276
397,mrms20200619r3750,411,492,0.831985131,32.44890511,59,115.6786545,31.94496481,17.7230003,0.835365854,411,96,Cluster of Cells,-0.353200494,-0.357640468,0.062641088,-0.387276386,0.737104149,1.473885669,-0.552437125,-0.457979021,1.156455664,-0.353200273,-0.436148814,1.802458064
400,mrms20200619r3770,2671,5282,0.947676096,26.88056908,51,23.58120612,137.6358222,43.93796288,0.505679667,2671,36,Cluster of Cells,-0.044844034,0.002195405,0.917102204,-2.421601875,-1.225930753,-2.509438838,0.712103421,0.180072181,-1.696983787,-0.044843922,-0.500860958,3.132503493
404,mrms20200619r3820,12368,30623,0.986350077,34.25594276,61,108.0934317,417.3425976,68.72040466,0.403879437,12368,3768,Linear,1.278223485,1.905869906,1.202737412,0.272903373,1.227862874,1.145815733,4.058661178,0.783256973,-2.578066476,1.27822313,3.524234427,6.073052097
405,mrms20200619r3828,46,53,0.685589474,35.7173913,52,89.38752363,9.185779953,6.687141017,0.867924528,46,15,Isolated Cell,-0.403001427,-0.390619163,-1.018596299,0.806826257,-0.98055139,0.336762895,-0.824739884,-0.726583,1.438251537,-0.403001188,-0.523510209,1.373648309
408,mrms20200619r3838,82,101,0.923323035,36.39634146,52.5,84.22401101,16.92405627,6.499246863,0.811881188,82,32,Isolated Cell,-0.398089554,-0.387013292,0.737237307,1.05487264,-0.857861709,0.113434814,-0.73215511,-0.731156194,0.953195492,-0.398089317,-0.505175101,2.604002684
409,mrms20200619r3839,8238,15736,0.959542529,27.87399854,54.5,26.12778714,255.5803409,71.96215418,0.523512964,8238,220,Cluster of Cells,0.71472252,0.787524052,1.004744361,-2.058664208,-0.367102984,-2.399296171,2.123253162,0.862158561,-1.542636303,0.714722364,-0.302410382,3.551593804
411,mrms20200619r3862,138,188,0.555024366,31.63043478,50.5,79.50110271,16.06823581,13.36610631,0.734042553,138,31,Isolated Cell,-0.390448863,-0.380477651,-1.98291367,-0.686294807,-1.348620435,-0.090836603,-0.742394592,-0.564022332,0.279500807,-0.390448629,-0.506253637,1.202162802
412,mrms20200619r3872,964,1560,0.687816224,31.04927386,55,50.92106794,51.69762102,37.52652081,0.617948718,964,132,Cluster of Cells,-0.27774867,-0.277409839,-1.002150141,-0.898615054,-0.244413302,-1.326957201,-0.316106043,0.024022814,-0.725293275,-0.277748476,-0.397321527,1.377628938
416,mrms20200619r3891,575,932,0.88787682,36.14086957,58.5,115.3766775,47.61741682,21.90788046,0.61695279,575,226,Cluster of Cells,-0.330824185,-0.324586651,0.47544147,0.961539014,0.614414467,1.460824803,-0.364923735,-0.356122388,-0.733913051,-0.330823971,-0.295939167,2.173529151
418,mrms20200619r3903,720,1142,0.963553641,31.49097222,52.5,73.08082128,66.04589941,17.66828185,0.630472855,720,140,Cluster of Cells,-0.311040253,-0.308810965,1.034369309,-0.737245798,-0.857861709,-0.368521434,-0.144435757,-0.459310824,-0.616896663,-0.311040046,-0.388693241,3.738105379
422,mrms20200619r3916,158,184,0.784342443,36.46835443,54.5,91.86608717,18.38234663,11.40308587,0.858695652,158,67,Isolated Cell,-0.387720045,-0.38077814,-0.289234483,1.081181723,-0.367102984,0.443963725,-0.714707363,-0.611800678,1.35837546,-0.387719812,-0.46742635,1.61205018
424,mrms20200619r3920,811,1258,0.96254048,32.65228113,53,70.26688444,75.63562519,20.50769356,0.644674086,811,194,Cluster of Cells,-0.29862413,-0.300096777,1.026886382,-0.312975369,-0.735172028,-0.490227559,-0.029699276,-0.390201816,-0.49398477,-0.298623928,-0.330452311,3.688158542
425,mrms20200619r3923,5418,10875,0.912276502,31.57290513,58,61.43986757,178.3243281,73.03716546,0.498206897,5418,973,Cluster of Cells,0.32995915,0.422354495,0.655650703,-0.707312582,0.491724786,-0.872006569,1.198921928,0.888323475,-1.761660739,0.32995913,0.509727031,2.44155598
427,mrms20200619r3929,56701,90849,0.907233111,31.00764537,58,47.35635061,468.9081046,197.2359721,0.624123546,56701,6640,Cluster of Cells,7.327058416,6.430186252,0.618401622,-0.913823529,0.491724786,-1.481135478,4.675617799,3.911222995,-0.671850038,7.327055926,6.621789076,2.377396474
428,mrms20200619r3945,94,118,0.402538643,32.88297872,55,80.40119964,12.15206623,11.12403781,0.796610169,94,20,Isolated Cell,-0.396452263,-0.385736213,-3.109130585,-0.228692743,-0.244413302,-0.051906338,-0.789249688,-0.618592485,0.82102457,-0.396452027,-0.51811753,1.092415042
429,mrms20200619r3949,1707,2550,0.960659549,27.59226714,52.5,34.23592146,101.6431219,28.22921217,0.669411765,1707,93,Cluster of Cells,-0.176373073,-0.20303875,1.012994355,-2.161591435,-0.857861709,-2.04860969,0.281467981,-0.202266235,-0.279879747,-0.176372914,-0.439384421,3.600636153
430,mrms20200619r3953,442,636,0.838775775,33.45022624,57.5,100.3493325,35.65990516,19.41599804,0.694968553,442,116,Isolated Cell,-0.348970826,-0.346822855,0.112794885,-0.021455593,0.369035105,0.810874206,-0.507989641,-0.416772811,-0.058685313,-0.348970606,-0.414578099,1.836624885
433,mrms20200619r4039,53,75,0.666613378,33.01886792,52.5,91.27322891,10.50830596,7.832929637,0.706666667,53,15,Isolated Cell,-0.402046341,-0.388966472,-1.158748434,-0.179047236,-0.857861709,0.418321898,-0.808916493,-0.698695423,0.042562052,-0.402046102,-0.523510209,1.341555005
439,mrms20200620r4170,1439,1911,0.867229808,36.54204309,58.5,108.594306,65.34164979,32.53413568,0.753008896,1439,577,Cluster of Cells,-0.212939237,-0.251041908,0.322948414,1.108102999,0.614414467,1.167479146,-0.152861766,-0.097487843,0.443654819,-0.212939066,0.082626878,2.008402818
440,mrms20200620r4173,198,243,0.827063604,35.46212121,53.5,85.01750459,22.18769217,12.47188699,0.814814815,198,59,Isolated Cell,-0.382262409,-0.376345924,0.026292064,0.713566358,-0.612482346,0.147754358,-0.669178225,-0.585786915,0.97858608,-0.382262177,-0.476054636,1.779016454
441,mrms20200620r4177,857,1260,0.44238648,29.54784131,56.5,65.58114178,39.65707028,35.56543264,0.68015873,857,107,Isolated Cell,-0.292347848,-0.299946533,-2.8148256,-1.447145618,0.123655742,-0.692891519,-0.460165473,-0.023708502,-0.186864581,-0.292347648,-0.42428492,1.11504535
442,mrms20200620r4184,936,1353,0.942974865,37.98824786,56,105.6574474,70.13651972,23.34591844,0.691796009,936,434,Linear,-0.281569016,-0.292960158,0.882380225,1.636456752,0.00096606,1.040456505,-0.095493442,-0.321121695,-0.08614374,-0.28156882,-0.071603733,3.004230479
443,mrms20200620r4185,230,341,0.729533394,33.03043478,51.5,68.74037807,23.17847523,15.85280671,0.674486804,230,51,Isolated Cell,-0.377896299,-0.368983937,-0.69403879,-0.174821421,-1.103241072,-0.556250781,-0.657323979,-0.503498035,-0.235955201,-0.377896069,-0.484682922,1.462105459
444,mrms20200620r4196,27952,50364,0.859171187,25.95536992,52,22.61534323,321.859969,164.6919663,0.554999603,27952,610,Cluster of Cells,3.40451865,3.388859462,0.263429694,-2.759612407,-0.98055139,-2.55121356,2.916257205,3.119127947,-1.270118917,3.404517545,0.118218557,1.954314933
447,mrms20200620r4218,1278,1792,0.859577853,30.97183099,57,85.10836144,58.90449177,30.10047853,0.713169643,1278,263,Isolated Cell,-0.234906224,-0.259981463,0.266433217,-0.926907888,0.246345423,0.151684025,-0.229879283,-0.15672111,0.098845419,-0.234906045,-0.256033345,1.956928748
449,mrms20200620r4246,5111,7450,0.899465594,30.27489728,59.5,111.5950439,142.6412975,62.33304662,0.686040268,5111,1061,Isolated Cell,0.28807179,0.165060577,0.561032917,-1.181524347,0.85979383,1.297264638,0.771991538,0.627793792,-0.135959769,0.288071785,0.604638177,2.288373587
450,mrms20200620r4248,2921,5314,0.557913991,34.16484081,54.5,79.60369023,86.95741123,72.16584916,0.54968009,2921,884,Cluster of Cells,-0.010733807,0.004599319,-1.96157171,0.239620358,-0.367102984,-0.086399571,0.105760478,0.867116333,-1.316159387,-0.010733706,0.41373735,1.204966231
451,mrms20200620r4288,1328,2276,0.978010321,32.16641566,57,108.9489625,106.7576642,22.26500423,0.583479789,1328,355,Cluster of Cells,-0.228084179,-0.223622264,1.141142307,-0.490480553,0.246345423,1.182818459,0.342661032,-0.347430281,-1.02362243,-0.228084001,-0.156808057,4.794863862
452,mrms20200620r4289,432,681,0.914312903,35.13541667,61.5,137.2796947,43.5916095,17.65497402,0.634361233,432,150,Cluster of Cells,-0.350335235,-0.343442351,0.670690988,0.59420873,1.350552556,2.408156426,-0.413090593,-0.459634726,-0.583242679,-0.350335015,-0.377907884,2.469083753
453,mrms20200620r4292,386,501,0.54677995,36.31865285,57,95.36737228,25.82924769,21.62621824,0.770459082,386,140,Isolated Cell,-0.356611517,-0.356964367,-2.043804627,1.026490027,0.246345423,0.595398482,-0.625608755,-0.362977821,0.59468647,-0.356611295,-0.388693241,1.194348795
454,mrms20200620r4296,5156,7697,0.900059953,36.06991854,63,105.0567386,141.2326579,61.54440234,0.669871378,5156,1951,Cluster of Cells,0.294211631,0.183615788,0.565422688,0.935617899,1.7186216,1.014475135,0.75513784,0.608598821,-0.275901782,0.294211624,1.564534986,2.294809155
455,mrms20200620r4308,73,84,0.824644894,33.54109589,51.5,75.97776318,13.01456915,7.361701122,0.869047619,73,19,Isolated Cell,-0.399317523,-0.388290371,0.008428149,0.011742554,-1.103241072,-0.243225241,-0.778930253,-0.710164747,1.447971906,-0.399317285,-0.519196066,1.767875242
457,mrms20200620r4312,91,112,0.904050501,34.04945055,54,90.34096124,16.96354322,7.250653588,0.8125,91,27,Isolated Cell,-0.396861586,-0.386186946,0.594895759,0.197463896,-0.489792665,0.378000209,-0.731682668,-0.712867555,0.958551319,-0.396861349,-0.51056778,2.339588151
458,mrms20200620r4314,43564,70020,0.842548048,30.07518823,57,42.10826533,369.653209,199.1030516,0.622165096,43564,4106,Cluster of Cells,5.534634161,4.865463621,0.140655837,-1.254485679,0.246345423,-1.708121426,3.488080457,3.956666215,-0.688800456,5.534632304,3.888779508,1.856592383
459,mrms20200620r4320,3559,5241,0.635873666,34.77409385,66,111.9472805,88.33529709,68.176578,0.67906888,3559,1054,Cluster of Cells,0.076315495,-0.00088461,-1.385783349,0.462203725,2.454759688,1.312499293,0.122246223,0.770020667,-0.196297253,0.076315565,0.597088426,1.295683938
462,mrms20200620r4328,147,173,0.70949691,35.63945578,59.5,124.2169466,16.80925161,11.84562327,0.849710983,147,52,Isolated Cell,-0.389220895,-0.381604485,-0.842022664,0.778353439,0.85979383,1.843176988,-0.733528693,-0.601029672,1.280612995,-0.389220661,-0.483604386,1.419026355
463,mrms20200620r4332,513,719,0.738884821,32.62768031,51.5,68.20445797,34.33707306,23.13740989,0.71349096,513,111,Cluster of Cells,-0.339283521,-0.340587703,-0.62497177,-0.321962988,-1.103241072,-0.579429964,-0.523816695,-0.326196626,0.101626422,-0.339283305,-0.419970777,1.484049996
464,mrms20200620r4334,948,1363,0.791624732,30.96255274,54.5,77.12438884,49.3183149,30.13386509,0.695524578,948,200,Cluster of Cells,-0.279931725,-0.292208934,-0.235449534,-0.930297584,-0.367102984,-0.193632313,-0.344573303,-0.155908508,-0.05387291,-0.279931529,-0.323981096,1.636640861
466,mrms20200620r4339,165,216,0.725954944,35.87878788,53,55.53682277,19.9723572,13.73583412,0.763888889,165,52,Cluster of Cells,-0.386764959,-0.378374226,-0.720468221,0.86579058,-0.735172028,-1.127320298,-0.695683648,-0.555023453,0.537821341,-0.386764725,-0.483604386,1.454033081
467,mrms20200620r4341,12572,24849,0.407187552,37.25147152,65,108.9518551,187.3119977,171.0803954,0.505935853,12572,5178,Cluster of Cells,1.306057431,1.472113679,-3.074795039,1.36728426,2.209380325,1.182943571,1.306455095,3.274617197,-1.694766495,1.306057066,5.044969822,1.094877045
468,mrms20200620r4343,51,59,0.782835228,38.07843137,54,112.9252211,10.4259227,6.487312112,0.86440678,51,22,Isolated Cell,-0.402319223,-0.390168429,-0.300366355,1.669404227,-0.489792665,1.354796387,-0.809902169,-0.731446676,1.407805363,-0.402318984,-0.515960458,1.607125189
469,mrms20200620r4346,105,118,0.84533602,34.2,51,72.11714286,16.15009753,8.627947024,0.889830508,105,32,Isolated Cell,-0.394951413,-0.385736213,0.16124702,0.252465351,-1.225930753,-0.410201675,-0.741415156,-0.679345336,1.627848161,-0.394951177,-0.505175101,1.8718355
470,mrms20200620r4348,296,359,0.660030261,37.3277027,53,77.47875959,23.03518517,17.30492978,0.824512535,296,131,Isolated Cell,-0.368891199,-0.367631735,-1.207369499,1.395134416,-0.735172028,-0.178305356,-0.659038376,-0.468154522,1.062520008,-0.368890972,-0.398400063,1.331134276
471,mrms20200620r4350,4069,6881,0.851506048,30.08405014,59,65.43210982,118.9482115,62.36987394,0.591338468,4069,631,Cluster of Cells,0.14590036,0.122315982,0.206817123,-1.251248086,0.737104149,-0.699337329,0.488515099,0.628690139,-0.955605431,0.145900405,0.140867808,1.907142086
472,mrms20200620r4351,195,230,0.649375028,40.3974359,58.5,108.9843524,18.95229205,14.41261779,0.847826087,195,96,Isolated Cell,-0.382671731,-0.377322514,-1.286066068,2.516625009,0.614414467,1.184349116,-0.707888239,-0.538551081,1.264299191,-0.3826715,-0.436148814,1.314979161
